{
  "TL10_5": {
    "th": 280,
    "ox": 5.0,
    "x": 1.0,
    "vR": null,
    "lXRD_A": null,
    "lXRD_R": null,
    "nF_R": 1.22e26,
    "nF_S": 1.22e26,
    "ht_range": [180, 210],
    "lt_range": [30, 42],
    "T0M": 4.0e6,
    "A0M": 5.4e7
  },
  "TL10_7.5": {
    "th": 280,
    "ox": 7.5,
    "x": 0.5,
    "vR": null,
    "lXRD_A": null,
    "lXRD_R": null,
    "nF_R": 1.47e23,
    "nF_S": 1.47e23,
    "ht_range": [210, 270],
    "lt_range": [30, 40],
    "T0M": 1.7e7,
    "A0M": 2.1e8
  },
  "TL10_10": {
    "th": 360,
    "ox": 10.0,
    "x": 0.0658432,
    "vR": 1.0,
    "lXRD_A": null,
    "lXRD_R": 4.32,
    "nF_R": 4.6e20,
    "nF_S": 4.6e20,
    "ht_range": [220, 270],
    "lt_range": [30, 40],
    "T0M": 1.2E7,
    "A0M": 6.1E6
  },
  "TL10_15": {
    "th": 400,
    "ox": 15.0,
    "x": 0.0000742699,
    "vR": 1.0,
    "lXRD_A": null,
    "lXRD_R": 9.91,
    "nF_R": 4.4e19,
    "nF_S": 4.4e19,
    "ht_range": [210, 270],
    "lt_range": [44, 60],
    "T0M": 1.2E8,
    "A0M": 6.5E8
  },
  "TL10_17.5": {
    "th": 330,
    "ox": 17.5,
    "x": 0.0000082303,
    "vR": 0.6,
    "lXRD": 12.55,
    "lXRD_A": 14.28,
    "lXRD_R": 10.82,
    "nF_R": 6.3e18,
    "nF_S": 1.3e19,
    "ht_range": [170, 270],
    "lt_range": [100, 120],
    "T0M": 5.0e8,
    "A0M": 4.7e12
  },
  "TL10_20": {
    "th": 320,
    "ox": 20.0,
    "x": 0.000000729,
    "vR": 0.3,
    "lXRD": 13.44,
    "lXRD_A": 14.76,
    "lXRD_R": 12.11,
    "nF_R": 1.2e18,
    "nF_S": 2.2e18,
    "ht_range": [220, 280],
    "lt_range": [130, 140],
    "T0M": 8.6e8,
    "A0M": 5.0e13
  },
  "TL10_25": {
    "th": 360,
    "ox": 25.0,
    "x": 0.0000003252,
    "vR": 0.1,
    "lXRD_A": 18.51,
    "lXRD_R": 19.27,
    "nF_R": 1.9e17,
    "nF_S": 2.5e17,
    "ht_range": [230, 290],
    "lt_range": [150, 170],
    "T0M": 1.2e9,
    "A0M": 3.0e15
  },
  "TL10_30": {
    "th": 230,
    "ox": 30.0,
    "x": 0.0,
    "vR": 0.0,
    "lXRD_A": 15.88,
    "lXRD_R": null,
    "nF_R": 1.2e16,
    "nF_S": 1.2e16,
    "ht_range": [220, 280],
    "lt_range": [170,180],
    "T0M": 1.3e9,
    "A0M": 5.5e14
  }
}